hotel_name,location,county,country,description,price_range,amenities,room_types,rating,nearby_attractions,category,source_url,combined_text
Sarova Stanley,Nairobi,Nairobi,Kenya,Historic luxury hotel in the heart of Nairobi CBD established in 1902,150-400 USD,WiFi|Pool|Restaurant|Gym|Spa|Bar|Parking,Standard|Deluxe|Suite,4.5,Nairobi National Park|CBD Shopping,Luxury,https://www.sarovahotels.com,"Hotel: Sarova Stanley. Location: Nairobi, Kenya. Category: Luxury. Description: Historic luxury hotel in the heart of Nairobi CBD established in 1902. Price range: 150-400 USD. Amenities: WiFi, Pool, Restaurant, Gym, Spa, Bar, Parking. Room types: Standard, Deluxe, Suite. Rating: 4.5 out of 5. Nearby attractions: Nairobi National Park, CBD Shopping."
Villa Rosa Kempinski,Nairobi,Nairobi,Kenya,Five star luxury hotel offering world class amenities in Nairobi,200-600 USD,WiFi|Pool|Restaurant|Gym|Spa|Bar|Conference|Valet,Standard|Deluxe|Suite|Presidential,4.8,UN Complex|Westgate Mall,Luxury,https://www.kempinski.com,"Hotel: Villa Rosa Kempinski. Location: Nairobi, Kenya. Category: Luxury. Description: Five star luxury hotel offering world class amenities in Nairobi. Price range: 200-600 USD. Amenities: WiFi, Pool, Restaurant, Gym, Spa, Bar, Conference, Valet. Room types: Standard, Deluxe, Suite, Presidential. Rating: 4.8 out of 5. Nearby attractions: UN Complex, Westgate Mall."
Radisson Blu Nairobi,Nairobi,Nairobi,Kenya,Modern upscale hotel near Nairobi CBD with excellent business facilities,120-350 USD,WiFi|Pool|Restaurant|Gym|Spa|Bar|Conference,Standard|Deluxe|Suite,4.4,Uhuru Park|City Market,Luxury,https://www.radissonblu.com,"Hotel: Radisson Blu Nairobi. Location: Nairobi, Kenya. Category: Luxury. Description: Modern upscale hotel near Nairobi CBD with excellent business facilities. Price range: 120-350 USD. Amenities: WiFi, Pool, Restaurant, Gym, Spa, Bar, Conference. Room types: Standard, Deluxe, Suite. Rating: 4.4 out of 5. Nearby attractions: Uhuru Park, City Market."
Tribe Hotel,Nairobi,Nairobi,Kenya,Boutique luxury hotel in the leafy suburbs of Gigiri near embassies,150-400 USD,WiFi|Pool|Restaurant|Bar|Spa|Gym,Standard|Deluxe|Suite,4.6,Village Market|UN Gigiri,Boutique,https://www.tribe-hotel.com,"Hotel: Tribe Hotel. Location: Nairobi, Kenya. Category: Boutique. Description: Boutique luxury hotel in the leafy suburbs of Gigiri near embassies. Price range: 150-400 USD. Amenities: WiFi, Pool, Restaurant, Bar, Spa, Gym. Room types: Standard, Deluxe, Suite. Rating: 4.6 out of 5. Nearby attractions: Village Market, UN Gigiri."
Sankara Nairobi,Nairobi,Nairobi,Kenya,Contemporary luxury hotel in Westlands with rooftop pool and fine dining,130-380 USD,WiFi|Pool|Restaurant|Gym|Spa|Bar|Rooftop,Standard|Deluxe|Suite,4.5,Westgate Mall|Sarit Centre,Luxury,https://www.sankara.com,"Hotel: Sankara Nairobi. Location: Nairobi, Kenya. Category: Luxury. Description: Contemporary luxury hotel in Westlands with rooftop pool and fine dining. Price range: 130-380 USD. Amenities: WiFi, Pool, Restaurant, Gym, Spa, Bar, Rooftop. Room types: Standard, Deluxe, Suite. Rating: 4.5 out of 5. Nearby attractions: Westgate Mall, Sarit Centre."
Crowne Plaza Nairobi,Nairobi,Nairobi,Kenya,International business hotel near Nairobi CBD with large conference facilities,100-300 USD,WiFi|Pool|Restaurant|Gym|Bar|Conference|Parking,Standard|Deluxe|Suite,4.2,Nairobi National Museum|CBD,Business,https://www.ihg.com,"Hotel: Crowne Plaza Nairobi. Location: Nairobi, Kenya. Category: Business. Description: International business hotel near Nairobi CBD with large conference facilities. Price range: 100-300 USD. Amenities: WiFi, Pool, Restaurant, Gym, Bar, Conference, Parking. Room types: Standard, Deluxe, Suite. Rating: 4.2 out of 5. Nearby attractions: Nairobi National Museum, CBD."
Ole Sereni,Nairobi,Nairobi,Kenya,Unique hotel overlooking Nairobi National Park with wildlife views from the pool,150-400 USD,WiFi|Pool|Restaurant|Bar|Gym|Game Drives,Standard|Deluxe|Suite,4.7,Nairobi National Park|Wilson Airport,Luxury,https://www.olesereni.com,"Hotel: Ole Sereni. Location: Nairobi, Kenya. Category: Luxury. Description: Unique hotel overlooking Nairobi National Park with wildlife views from the pool. Price range: 150-400 USD. Amenities: WiFi, Pool, Restaurant, Bar, Gym, Game Drives. Room types: Standard, Deluxe, Suite. Rating: 4.7 out of 5. Nearby attractions: Nairobi National Park, Wilson Airport."
Fairmont The Norfolk,Nairobi,Nairobi,Kenya,Legendary hotel dating back to 1904 in the heart of Nairobi,180-500 USD,WiFi|Pool|Restaurant|Bar|Spa|Gym|Garden,Standard|Deluxe|Suite|Cottage,4.6,Nairobi National Museum|University of Nairobi,Luxury,https://www.fairmont.com,"Hotel: Fairmont The Norfolk. Location: Nairobi, Kenya. Category: Luxury. Description: Legendary hotel dating back to 1904 in the heart of Nairobi. Price range: 180-500 USD. Amenities: WiFi, Pool, Restaurant, Bar, Spa, Gym, Garden. Room types: Standard, Deluxe, Suite, Cottage. Rating: 4.6 out of 5. Nearby attractions: Nairobi National Museum, University of Nairobi."
Hilton Nairobi,Nairobi,Nairobi,Kenya,Well located city centre hotel with excellent facilities for business travelers,90-250 USD,WiFi|Pool|Restaurant|Gym|Bar|Conference,Standard|Deluxe|Suite,4.1,Nairobi CBD|Parliament,Business,https://www.hilton.com,"Hotel: Hilton Nairobi. Location: Nairobi, Kenya. Category: Business. Description: Well located city centre hotel with excellent facilities for business travelers. Price range: 90-250 USD. Amenities: WiFi, Pool, Restaurant, Gym, Bar, Conference. Room types: Standard, Deluxe, Suite. Rating: 4.1 out of 5. Nearby attractions: Nairobi CBD, Parliament."
Eka Hotel Nairobi,Nairobi,Nairobi,Kenya,Modern business hotel along Mombasa Road with contemporary design,80-200 USD,WiFi|Pool|Restaurant|Gym|Bar|Conference|Parking,Standard|Deluxe|Suite,4.3,JKIA Airport|Nairobi National Park,Business,https://www.ekahotel.com,"Hotel: Eka Hotel Nairobi. Location: Nairobi, Kenya. Category: Business. Description: Modern business hotel along Mombasa Road with contemporary design. Price range: 80-200 USD. Amenities: WiFi, Pool, Restaurant, Gym, Bar, Conference, Parking. Room types: Standard, Deluxe, Suite. Rating: 4.3 out of 5. Nearby attractions: JKIA Airport, Nairobi National Park."
Diani Reef Beach Resort,Diani,Kwale,Kenya,Sprawling beachfront resort with water sports and multiple restaurants,100-350 USD,WiFi|Pool|Beach|Restaurant|Bar|Spa|Water Sports|Kids Club,Standard|Deluxe|Suite|Villa,4.5,Diani Beach|Shimba Hills,Beach Resort,https://www.dianireefsort.com,"Hotel: Diani Reef Beach Resort. Location: Diani, Kenya. Category: Beach Resort. Description: Sprawling beachfront resort with water sports and multiple restaurants. Price range: 100-350 USD. Amenities: WiFi, Pool, Beach, Restaurant, Bar, Spa, Water Sports, Kids Club. Room types: Standard, Deluxe, Suite, Villa. Rating: 4.5 out of 5. Nearby attractions: Diani Beach, Shimba Hills."
Baobab Beach Resort,Diani,Kwale,Kenya,Family friendly beach resort with stunning ocean views and water sports,80-250 USD,WiFi|Pool|Beach|Restaurant|Bar|Water Sports|Kids Club,Standard|Deluxe|Suite,4.3,Diani Beach|Wasini Island,Beach Resort,https://www.baobabbeachresort.com,"Hotel: Baobab Beach Resort. Location: Diani, Kenya. Category: Beach Resort. Description: Family friendly beach resort with stunning ocean views and water sports. Price range: 80-250 USD. Amenities: WiFi, Pool, Beach, Restaurant, Bar, Water Sports, Kids Club. Room types: Standard, Deluxe, Suite. Rating: 4.3 out of 5. Nearby attractions: Diani Beach, Wasini Island."
Almanara Luxury Villas,Diani,Kwale,Kenya,Exclusive boutique resort with private pool villas steps from Diani Beach,300-800 USD,WiFi|Private Pool|Beach|Restaurant|Bar|Spa|Butler Service,Villa|Suite,4.9,Diani Beach|Chale Island,Luxury,https://www.almanara.com,"Hotel: Almanara Luxury Villas. Location: Diani, Kenya. Category: Luxury. Description: Exclusive boutique resort with private pool villas steps from Diani Beach. Price range: 300-800 USD. Amenities: WiFi, Private Pool, Beach, Restaurant, Bar, Spa, Butler Service. Room types: Villa, Suite. Rating: 4.9 out of 5. Nearby attractions: Diani Beach, Chale Island."
The Sands at Nomad,Diani,Kwale,Kenya,Intimate boutique hotel with superb dining and chic beach atmosphere,150-400 USD,WiFi|Pool|Beach|Restaurant|Bar|Watersports,Standard|Suite|Cottage,4.7,Diani Beach|Colobus Conservation,Boutique,https://www.thesandsatnomad.com,"Hotel: The Sands at Nomad. Location: Diani, Kenya. Category: Boutique. Description: Intimate boutique hotel with superb dining and chic beach atmosphere. Price range: 150-400 USD. Amenities: WiFi, Pool, Beach, Restaurant, Bar, Watersports. Room types: Standard, Suite, Cottage. Rating: 4.7 out of 5. Nearby attractions: Diani Beach, Colobus Conservation."
AfroChic Diani,Diani,Kwale,Kenya,Small boutique beach hotel known for personalised service and great food,120-300 USD,WiFi|Pool|Beach|Restaurant|Bar,Standard|Suite,4.6,Diani Beach|Shimba Hills,Boutique,https://www.afrochic.com,"Hotel: AfroChic Diani. Location: Diani, Kenya. Category: Boutique. Description: Small boutique beach hotel known for personalised service and great food. Price range: 120-300 USD. Amenities: WiFi, Pool, Beach, Restaurant, Bar. Room types: Standard, Suite. Rating: 4.6 out of 5. Nearby attractions: Diani Beach, Shimba Hills."
Pinewood Beach Resort,Diani,Kwale,Kenya,Affordable beachfront resort popular with families and couples,60-180 USD,WiFi|Pool|Beach|Restaurant|Bar|Water Sports,Standard|Deluxe,4.0,Diani Beach|Chale Island,Mid-range,https://www.pinewoodkenya.com,"Hotel: Pinewood Beach Resort. Location: Diani, Kenya. Category: Mid-range. Description: Affordable beachfront resort popular with families and couples. Price range: 60-180 USD. Amenities: WiFi, Pool, Beach, Restaurant, Bar, Water Sports. Room types: Standard, Deluxe. Rating: 4.0 out of 5. Nearby attractions: Diani Beach, Chale Island."
Neptune Paradise Beach Resort,Diani,Kwale,Kenya,All inclusive beachfront resort with entertainment and multiple pools,90-280 USD,WiFi|Pool|Beach|Restaurant|Bar|Entertainment|All Inclusive,Standard|Deluxe|Suite,4.2,Diani Beach|Wasini Island,All Inclusive,https://www.neptunehotels.com,"Hotel: Neptune Paradise Beach Resort. Location: Diani, Kenya. Category: All Inclusive. Description: All inclusive beachfront resort with entertainment and multiple pools. Price range: 90-280 USD. Amenities: WiFi, Pool, Beach, Restaurant, Bar, Entertainment, All Inclusive. Room types: Standard, Deluxe, Suite. Rating: 4.2 out of 5. Nearby attractions: Diani Beach, Wasini Island."
Swahili Beach Resort,Diani,Kwale,Kenya,Adults only boutique resort with Swahili inspired architecture,150-380 USD,WiFi|Pool|Beach|Restaurant|Bar|Spa,Standard|Suite,4.5,Diani Beach|Shimba Hills,Boutique,https://www.swahilibeach.com,"Hotel: Swahili Beach Resort. Location: Diani, Kenya. Category: Boutique. Description: Adults only boutique resort with Swahili inspired architecture. Price range: 150-380 USD. Amenities: WiFi, Pool, Beach, Restaurant, Bar, Spa. Room types: Standard, Suite. Rating: 4.5 out of 5. Nearby attractions: Diani Beach, Shimba Hills."
Leopard Beach Resort,Diani,Kwale,Kenya,Long established resort with lush gardens and beautiful beachfront,100-300 USD,WiFi|Pool|Beach|Restaurant|Bar|Spa|Water Sports,Standard|Deluxe|Suite,4.3,Diani Beach|Funzi Island,Beach Resort,https://www.leopardbeachresort.com,"Hotel: Leopard Beach Resort. Location: Diani, Kenya. Category: Beach Resort. Description: Long established resort with lush gardens and beautiful beachfront. Price range: 100-300 USD. Amenities: WiFi, Pool, Beach, Restaurant, Bar, Spa, Water Sports. Room types: Standard, Deluxe, Suite. Rating: 4.3 out of 5. Nearby attractions: Diani Beach, Funzi Island."
Southern Palms Beach Resort,Diani,Kwale,Kenya,Large all inclusive resort with extensive facilities and entertainment,80-220 USD,WiFi|Pool|Beach|Restaurant|Bar|Entertainment|All Inclusive|Tennis,Standard|Deluxe|Suite,4.1,Diani Beach|Shimba Hills,All Inclusive,https://www.southernpalmskenya.com,"Hotel: Southern Palms Beach Resort. Location: Diani, Kenya. Category: All Inclusive. Description: Large all inclusive resort with extensive facilities and entertainment. Price range: 80-220 USD. Amenities: WiFi, Pool, Beach, Restaurant, Bar, Entertainment, All Inclusive, Tennis. Room types: Standard, Deluxe, Suite. Rating: 4.1 out of 5. Nearby attractions: Diani Beach, Shimba Hills."
Serena Beach Resort,Mombasa,Mombasa,Kenya,Elegant beachfront resort at Shanzu with Swahili architecture and lush gardens,120-380 USD,WiFi|Pool|Beach|Restaurant|Bar|Spa|Water Sports|Tennis,Standard|Deluxe|Suite,4.6,Shanzu Beach|Mombasa Old Town,Luxury,https://www.serenahotels.com,"Hotel: Serena Beach Resort. Location: Mombasa, Kenya. Category: Luxury. Description: Elegant beachfront resort at Shanzu with Swahili architecture and lush gardens. Price range: 120-380 USD. Amenities: WiFi, Pool, Beach, Restaurant, Bar, Spa, Water Sports, Tennis. Room types: Standard, Deluxe, Suite. Rating: 4.6 out of 5. Nearby attractions: Shanzu Beach, Mombasa Old Town."
Voyager Beach Resort,Mombasa,Mombasa,Kenya,Fun nautical themed all inclusive resort at Shanzu popular with families,80-220 USD,WiFi|Pool|Beach|Restaurant|Bar|Entertainment|Kids Club|All Inclusive,Standard|Deluxe|Suite,4.2,Shanzu Beach|Haller Park,All Inclusive,https://www.heritagehotels.co.ke,"Hotel: Voyager Beach Resort. Location: Mombasa, Kenya. Category: All Inclusive. Description: Fun nautical themed all inclusive resort at Shanzu popular with families. Price range: 80-220 USD. Amenities: WiFi, Pool, Beach, Restaurant, Bar, Entertainment, Kids Club, All Inclusive. Room types: Standard, Deluxe, Suite. Rating: 4.2 out of 5. Nearby attractions: Shanzu Beach, Haller Park."
PrideInn Paradise Beach Resort,Mombasa,Mombasa,Kenya,Large modern all inclusive beach resort with extensive facilities,70-200 USD,WiFi|Pool|Beach|Restaurant|Bar|Entertainment|All Inclusive|Conference,Standard|Deluxe|Suite,4.0,Bamburi Beach|Haller Park,All Inclusive,https://www.prideinnhotels.com,"Hotel: PrideInn Paradise Beach Resort. Location: Mombasa, Kenya. Category: All Inclusive. Description: Large modern all inclusive beach resort with extensive facilities. Price range: 70-200 USD. Amenities: WiFi, Pool, Beach, Restaurant, Bar, Entertainment, All Inclusive, Conference. Room types: Standard, Deluxe, Suite. Rating: 4.0 out of 5. Nearby attractions: Bamburi Beach, Haller Park."
Sarova Whitesands Beach Resort,Mombasa,Mombasa,Kenya,Classic beachfront resort at Bamburi with multiple pools and restaurants,100-300 USD,WiFi|Pool|Beach|Restaurant|Bar|Spa|Water Sports,Standard|Deluxe|Suite,4.3,Bamburi Beach|Mamba Village,Beach Resort,https://www.sarovahotels.com,"Hotel: Sarova Whitesands Beach Resort. Location: Mombasa, Kenya. Category: Beach Resort. Description: Classic beachfront resort at Bamburi with multiple pools and restaurants. Price range: 100-300 USD. Amenities: WiFi, Pool, Beach, Restaurant, Bar, Spa, Water Sports. Room types: Standard, Deluxe, Suite. Rating: 4.3 out of 5. Nearby attractions: Bamburi Beach, Mamba Village."
Travellers Beach Hotel,Mombasa,Mombasa,Kenya,Popular mid range beach hotel at Bamburi with lively atmosphere,50-150 USD,WiFi|Pool|Beach|Restaurant|Bar|Entertainment,Standard|Deluxe,3.9,Bamburi Beach|Haller Park,Mid-range,https://www.travellersbeach.com,"Hotel: Travellers Beach Hotel. Location: Mombasa, Kenya. Category: Mid-range. Description: Popular mid range beach hotel at Bamburi with lively atmosphere. Price range: 50-150 USD. Amenities: WiFi, Pool, Beach, Restaurant, Bar, Entertainment. Room types: Standard, Deluxe. Rating: 3.9 out of 5. Nearby attractions: Bamburi Beach, Haller Park."
English Point Marina,Mombasa,Mombasa,Kenya,Boutique luxury hotel on Mombasa Island with marina and harbour views,200-500 USD,WiFi|Pool|Restaurant|Bar|Spa|Marina|Yacht,Standard|Suite|Penthouse,4.7,Mombasa Old Town|Fort Jesus,Boutique,https://www.englishpointmarina.com,"Hotel: English Point Marina. Location: Mombasa, Kenya. Category: Boutique. Description: Boutique luxury hotel on Mombasa Island with marina and harbour views. Price range: 200-500 USD. Amenities: WiFi, Pool, Restaurant, Bar, Spa, Marina, Yacht. Room types: Standard, Suite, Penthouse. Rating: 4.7 out of 5. Nearby attractions: Mombasa Old Town, Fort Jesus."
Nyali Sun Africa Beach Hotel,Mombasa,Mombasa,Kenya,Well established beach hotel at Nyali with good facilities and ocean views,70-200 USD,WiFi|Pool|Beach|Restaurant|Bar|Water Sports,Standard|Deluxe|Suite,4.1,Nyali Beach|City Mall,Beach Resort,https://www.sunafricahotels.com,"Hotel: Nyali Sun Africa Beach Hotel. Location: Mombasa, Kenya. Category: Beach Resort. Description: Well established beach hotel at Nyali with good facilities and ocean views. Price range: 70-200 USD. Amenities: WiFi, Pool, Beach, Restaurant, Bar, Water Sports. Room types: Standard, Deluxe, Suite. Rating: 4.1 out of 5. Nearby attractions: Nyali Beach, City Mall."
Mövenpick Hotel Mombasa,Mombasa,Mombasa,Kenya,International brand hotel near Mombasa port with harbour views,90-280 USD,WiFi|Pool|Restaurant|Gym|Bar|Conference|Spa,Standard|Deluxe|Suite,4.4,Mombasa Old Town|Fort Jesus,Luxury,https://www.movenpick.com,"Hotel: Mövenpick Hotel Mombasa. Location: Mombasa, Kenya. Category: Luxury. Description: International brand hotel near Mombasa port with harbour views. Price range: 90-280 USD. Amenities: WiFi, Pool, Restaurant, Gym, Bar, Conference, Spa. Room types: Standard, Deluxe, Suite. Rating: 4.4 out of 5. Nearby attractions: Mombasa Old Town, Fort Jesus."
Jacaranda Indian Ocean Beach Resort,Mombasa,Mombasa,Kenya,Charming beachfront resort at Diani with beautiful tropical gardens,80-220 USD,WiFi|Pool|Beach|Restaurant|Bar|Water Sports,Standard|Deluxe|Suite,4.2,Bamburi Beach|Mombasa Marine Park,Beach Resort,https://www.jacarandahotels.com,"Hotel: Jacaranda Indian Ocean Beach Resort. Location: Mombasa, Kenya. Category: Beach Resort. Description: Charming beachfront resort at Diani with beautiful tropical gardens. Price range: 80-220 USD. Amenities: WiFi, Pool, Beach, Restaurant, Bar, Water Sports. Room types: Standard, Deluxe, Suite. Rating: 4.2 out of 5. Nearby attractions: Bamburi Beach, Mombasa Marine Park."
Mombasa Continental Resort,Mombasa,Mombasa,Kenya,Affordable beach resort at Shanzu with all inclusive option,50-150 USD,WiFi|Pool|Beach|Restaurant|Bar|Entertainment,Standard|Deluxe,3.8,Shanzu Beach|Bombolulu,Budget,https://www.mombasacontinental.com,"Hotel: Mombasa Continental Resort. Location: Mombasa, Kenya. Category: Budget. Description: Affordable beach resort at Shanzu with all inclusive option. Price range: 50-150 USD. Amenities: WiFi, Pool, Beach, Restaurant, Bar, Entertainment. Room types: Standard, Deluxe. Rating: 3.8 out of 5. Nearby attractions: Shanzu Beach, Bombolulu."
Enashipai Resort and Spa,Naivasha,Nakuru,Kenya,Luxury lakeside resort at Lake Naivasha with spa and conference facilities,120-400 USD,WiFi|Pool|Lake View|Restaurant|Bar|Spa|Gym|Cycling|Conference,Standard|Deluxe|Suite|Villa,4.7,Hell's Gate|Lake Naivasha|Crescent Island,Luxury,https://www.enashipai.com,"Hotel: Enashipai Resort and Spa. Location: Naivasha, Kenya. Category: Luxury. Description: Luxury lakeside resort at Lake Naivasha with spa and conference facilities. Price range: 120-400 USD. Amenities: WiFi, Pool, Lake View, Restaurant, Bar, Spa, Gym, Cycling, Conference. Room types: Standard, Deluxe, Suite, Villa. Rating: 4.7 out of 5. Nearby attractions: Hell's Gate, Lake Naivasha, Crescent Island."
Sawela Lodges,Naivasha,Nakuru,Kenya,Elegant lodge near Lake Naivasha with beautiful gardens and lake views,80-250 USD,WiFi|Pool|Restaurant|Bar|Boat Rides|Cycling,Standard|Deluxe|Suite,4.4,Lake Naivasha|Crescent Island|Hell's Gate,Lodge,https://www.sawelaodges.com,"Hotel: Sawela Lodges. Location: Naivasha, Kenya. Category: Lodge. Description: Elegant lodge near Lake Naivasha with beautiful gardens and lake views. Price range: 80-250 USD. Amenities: WiFi, Pool, Restaurant, Bar, Boat Rides, Cycling. Room types: Standard, Deluxe, Suite. Rating: 4.4 out of 5. Nearby attractions: Lake Naivasha, Crescent Island, Hell's Gate."
Great Rift Valley Lodge,Naivasha,Nakuru,Kenya,Scenic lodge perched on the rim of the Great Rift Valley with stunning views,150-400 USD,WiFi|Pool|Restaurant|Bar|Gym|Golf|Spa,Standard|Suite|Cottage,4.6,Lake Naivasha|Hell's Gate|Rift Valley Views,Lodge,https://www.heritagehotels.co.ke,"Hotel: Great Rift Valley Lodge. Location: Naivasha, Kenya. Category: Lodge. Description: Scenic lodge perched on the rim of the Great Rift Valley with stunning views. Price range: 150-400 USD. Amenities: WiFi, Pool, Restaurant, Bar, Gym, Golf, Spa. Room types: Standard, Suite, Cottage. Rating: 4.6 out of 5. Nearby attractions: Lake Naivasha, Hell's Gate, Rift Valley Views."
Crater Lake Tented Camp,Naivasha,Nakuru,Kenya,Intimate tented camp within a private sanctuary on the shores of Crater Lake,100-300 USD,WiFi|Restaurant|Bar|Nature Walks|Bird Watching,Tent|Suite Tent,4.5,Crater Lake|Lake Naivasha|Hell's Gate,Tented Camp,https://www.craterlaketentedcamp.com,"Hotel: Crater Lake Tented Camp. Location: Naivasha, Kenya. Category: Tented Camp. Description: Intimate tented camp within a private sanctuary on the shores of Crater Lake. Price range: 100-300 USD. Amenities: WiFi, Restaurant, Bar, Nature Walks, Bird Watching. Room types: Tent, Suite Tent. Rating: 4.5 out of 5. Nearby attractions: Crater Lake, Lake Naivasha, Hell's Gate."
Kongoni Camp,Naivasha,Nakuru,Kenya,Exclusive tented camp on the shores of Lake Naivasha with superb bird watching,200-500 USD,Restaurant|Bar|Lake Views|Boat Rides|Bird Watching|Cycling,Tent|Suite Tent,4.8,Lake Naivasha|Crescent Island|Hippo Point,Tented Camp,https://www.kongonicamp.com,"Hotel: Kongoni Camp. Location: Naivasha, Kenya. Category: Tented Camp. Description: Exclusive tented camp on the shores of Lake Naivasha with superb bird watching. Price range: 200-500 USD. Amenities: Restaurant, Bar, Lake Views, Boat Rides, Bird Watching, Cycling. Room types: Tent, Suite Tent. Rating: 4.8 out of 5. Nearby attractions: Lake Naivasha, Crescent Island, Hippo Point."
Sarova Lion Hill Game Lodge,Nakuru,Nakuru,Kenya,Only lodge inside Lake Nakuru National Park with direct rhino and flamingo viewing,150-450 USD,WiFi|Pool|Restaurant|Bar|Game Drives|Bird Watching,Standard|Deluxe|Suite,4.7,Lake Nakuru|Menengai Crater|Hyrax Hill,Game Lodge,https://www.sarovahotels.com,"Hotel: Sarova Lion Hill Game Lodge. Location: Nakuru, Kenya. Category: Game Lodge. Description: Only lodge inside Lake Nakuru National Park with direct rhino and flamingo viewing. Price range: 150-450 USD. Amenities: WiFi, Pool, Restaurant, Bar, Game Drives, Bird Watching. Room types: Standard, Deluxe, Suite. Rating: 4.7 out of 5. Nearby attractions: Lake Nakuru, Menengai Crater, Hyrax Hill."
Lake Nakuru Lodge,Nakuru,Nakuru,Kenya,Comfortable lodge inside Lake Nakuru National Park with wildlife views,80-200 USD,WiFi|Restaurant|Bar|Game Drives,Standard|Deluxe|Cottage,4.2,Lake Nakuru|Flamingo Viewing|Rhino Sanctuary,Lodge,https://www.lakenakuruodge.com,"Hotel: Lake Nakuru Lodge. Location: Nakuru, Kenya. Category: Lodge. Description: Comfortable lodge inside Lake Nakuru National Park with wildlife views. Price range: 80-200 USD. Amenities: WiFi, Restaurant, Bar, Game Drives. Room types: Standard, Deluxe, Cottage. Rating: 4.2 out of 5. Nearby attractions: Lake Nakuru, Flamingo Viewing, Rhino Sanctuary."
Flamingo Hill Tented Camp,Nakuru,Nakuru,Kenya,Luxury tented camp on the shores of Lake Nakuru with flamingo and rhino sightings,120-350 USD,WiFi|Restaurant|Bar|Game Drives|Bird Watching,Tent|Suite Tent,4.5,Lake Nakuru|Flamingo Viewing|Nakuru Town,Tented Camp,https://www.flamingohillcamp.com,"Hotel: Flamingo Hill Tented Camp. Location: Nakuru, Kenya. Category: Tented Camp. Description: Luxury tented camp on the shores of Lake Nakuru with flamingo and rhino sightings. Price range: 120-350 USD. Amenities: WiFi, Restaurant, Bar, Game Drives, Bird Watching. Room types: Tent, Suite Tent. Rating: 4.5 out of 5. Nearby attractions: Lake Nakuru, Flamingo Viewing, Nakuru Town."
Bakers Inn Nakuru,Nakuru,Nakuru,Kenya,Budget friendly town hotel good for travellers passing through Nakuru,20-60 USD,WiFi|Restaurant|Parking,Standard|Deluxe,3.5,Nakuru Town|Menengai Crater,Budget,https://www.bakersinnkenya.com,"Hotel: Bakers Inn Nakuru. Location: Nakuru, Kenya. Category: Budget. Description: Budget friendly town hotel good for travellers passing through Nakuru. Price range: 20-60 USD. Amenities: WiFi, Restaurant, Parking. Room types: Standard, Deluxe. Rating: 3.5 out of 5. Nearby attractions: Nakuru Town, Menengai Crater."
Milimani Resort Nakuru,Nakuru,Nakuru,Kenya,Mid range hotel in Nakuru town with comfortable rooms and good facilities,40-100 USD,WiFi|Restaurant|Bar|Parking|Conference,Standard|Deluxe|Suite,3.8,Nakuru Town|Lake Nakuru,Mid-range,https://www.milimaniresort.com,"Hotel: Milimani Resort Nakuru. Location: Nakuru, Kenya. Category: Mid-range. Description: Mid range hotel in Nakuru town with comfortable rooms and good facilities. Price range: 40-100 USD. Amenities: WiFi, Restaurant, Bar, Parking, Conference. Room types: Standard, Deluxe, Suite. Rating: 3.8 out of 5. Nearby attractions: Nakuru Town, Lake Nakuru."
Mara Serena Safari Lodge,Maasai Mara,Narok,Kenya,Iconic hilltop lodge inside Maasai Mara with panoramic views and game drives,300-800 USD,WiFi|Pool|Restaurant|Bar|Game Drives|Cultural Visits,Standard|Suite,4.8,Maasai Mara|Great Migration|Mara River,Luxury Lodge,https://www.serenahotels.com,"Hotel: Mara Serena Safari Lodge. Location: Maasai Mara, Kenya. Category: Luxury Lodge. Description: Iconic hilltop lodge inside Maasai Mara with panoramic views and game drives. Price range: 300-800 USD. Amenities: WiFi, Pool, Restaurant, Bar, Game Drives, Cultural Visits. Room types: Standard, Suite. Rating: 4.8 out of 5. Nearby attractions: Maasai Mara, Great Migration, Mara River."
Governors Camp,Maasai Mara,Narok,Kenya,Classic tented camp on the banks of Mara River known for the Great Migration,400-1200 USD,Restaurant|Bar|Game Drives|Bush Dinners|Hot Air Balloon,Tent|Suite Tent,4.9,Maasai Mara|Mara River|Great Migration,Luxury Tented Camp,https://www.governorscamp.com,"Hotel: Governors Camp. Location: Maasai Mara, Kenya. Category: Luxury Tented Camp. Description: Classic tented camp on the banks of Mara River known for the Great Migration. Price range: 400-1200 USD. Amenities: Restaurant, Bar, Game Drives, Bush Dinners, Hot Air Balloon. Room types: Tent, Suite Tent. Rating: 4.9 out of 5. Nearby attractions: Maasai Mara, Mara River, Great Migration."
Angama Mara,Maasai Mara,Narok,Kenya,Breathtaking camp perched on the edge of the Great Rift Valley above Maasai Mara,600-1500 USD,WiFi|Restaurant|Bar|Game Drives|Hot Air Balloon|Photography,Suite Tent,5.0,Maasai Mara|Rift Valley|Great Migration,Ultra Luxury,https://www.angama.com,"Hotel: Angama Mara. Location: Maasai Mara, Kenya. Category: Ultra Luxury. Description: Breathtaking camp perched on the edge of the Great Rift Valley above Maasai Mara. Price range: 600-1500 USD. Amenities: WiFi, Restaurant, Bar, Game Drives, Hot Air Balloon, Photography. Room types: Suite Tent. Rating: 5.0 out of 5. Nearby attractions: Maasai Mara, Rift Valley, Great Migration."
Basecamp Masai Mara,Maasai Mara,Narok,Kenya,Eco friendly tented camp focusing on sustainable tourism and community projects,200-600 USD,Restaurant|Bar|Game Drives|Cultural Visits|Bird Watching,Tent|Suite Tent,4.6,Maasai Mara|Maasai Village|Mara River,Eco Lodge,https://www.basecampexplorer.com,"Hotel: Basecamp Masai Mara. Location: Maasai Mara, Kenya. Category: Eco Lodge. Description: Eco friendly tented camp focusing on sustainable tourism and community projects. Price range: 200-600 USD. Amenities: Restaurant, Bar, Game Drives, Cultural Visits, Bird Watching. Room types: Tent, Suite Tent. Rating: 4.6 out of 5. Nearby attractions: Maasai Mara, Maasai Village, Mara River."
Mara Intrepids Camp,Maasai Mara,Narok,Kenya,Elegant tented camp on the Talek River inside Maasai Mara,250-700 USD,WiFi|Restaurant|Bar|Pool|Game Drives|Hot Air Balloon,Tent|Suite Tent,4.7,Maasai Mara|Talek River|Great Migration,Luxury Tented Camp,https://www.heritagehotels.co.ke,"Hotel: Mara Intrepids Camp. Location: Maasai Mara, Kenya. Category: Luxury Tented Camp. Description: Elegant tented camp on the Talek River inside Maasai Mara. Price range: 250-700 USD. Amenities: WiFi, Restaurant, Bar, Pool, Game Drives, Hot Air Balloon. Room types: Tent, Suite Tent. Rating: 4.7 out of 5. Nearby attractions: Maasai Mara, Talek River, Great Migration."
Keekorok Lodge,Maasai Mara,Narok,Kenya,First lodge in Maasai Mara established in 1962 with old world safari charm,150-450 USD,WiFi|Pool|Restaurant|Bar|Game Drives,Standard|Suite|Treehouse,4.4,Maasai Mara|Great Migration|Hippo Pool,Lodge,https://www.sunafricahotels.com,"Hotel: Keekorok Lodge. Location: Maasai Mara, Kenya. Category: Lodge. Description: First lodge in Maasai Mara established in 1962 with old world safari charm. Price range: 150-450 USD. Amenities: WiFi, Pool, Restaurant, Bar, Game Drives. Room types: Standard, Suite, Treehouse. Rating: 4.4 out of 5. Nearby attractions: Maasai Mara, Great Migration, Hippo Pool."
Ol Seki Hemingways Mara,Maasai Mara,Narok,Kenya,Intimate luxury camp in private conservancy bordering Maasai Mara,500-1200 USD,Restaurant|Bar|Game Drives|Bush Walks|Hot Air Balloon,Suite Tent,4.9,Maasai Mara|Private Conservancy|Great Migration,Ultra Luxury,https://www.hemingways.com,"Hotel: Ol Seki Hemingways Mara. Location: Maasai Mara, Kenya. Category: Ultra Luxury. Description: Intimate luxury camp in private conservancy bordering Maasai Mara. Price range: 500-1200 USD. Amenities: Restaurant, Bar, Game Drives, Bush Walks, Hot Air Balloon. Room types: Suite Tent. Rating: 4.9 out of 5. Nearby attractions: Maasai Mara, Private Conservancy, Great Migration."
Sentrim Mara Camp,Maasai Mara,Narok,Kenya,Affordable tented camp with good game viewing inside Maasai Mara,100-300 USD,Restaurant|Bar|Game Drives,Tent|Standard Tent,4.0,Maasai Mara|Mara River,Budget Tented Camp,https://www.sentrimhotels.com,"Hotel: Sentrim Mara Camp. Location: Maasai Mara, Kenya. Category: Budget Tented Camp. Description: Affordable tented camp with good game viewing inside Maasai Mara. Price range: 100-300 USD. Amenities: Restaurant, Bar, Game Drives. Room types: Tent, Standard Tent. Rating: 4.0 out of 5. Nearby attractions: Maasai Mara, Mara River."
Tipilikwani Mara Camp,Maasai Mara,Narok,Kenya,Mid range camp on the Talek River with excellent game viewing,150-400 USD,WiFi|Restaurant|Bar|Game Drives|Cultural Visits,Tent|Suite Tent,4.3,Maasai Mara|Talek River|Maasai Village,Tented Camp,https://www.tipilikwani.com,"Hotel: Tipilikwani Mara Camp. Location: Maasai Mara, Kenya. Category: Tented Camp. Description: Mid range camp on the Talek River with excellent game viewing. Price range: 150-400 USD. Amenities: WiFi, Restaurant, Bar, Game Drives, Cultural Visits. Room types: Tent, Suite Tent. Rating: 4.3 out of 5. Nearby attractions: Maasai Mara, Talek River, Maasai Village."
Amboseli Serena Safari Lodge,Amboseli,Kajiado,Kenya,Elegant lodge in Amboseli with views of Mount Kilimanjaro and elephant herds,200-600 USD,WiFi|Pool|Restaurant|Bar|Game Drives|Cultural Visits,Standard|Suite,4.7,Amboseli National Park|Mount Kilimanjaro|Maasai Village,Luxury Lodge,https://www.serenahotels.com,"Hotel: Amboseli Serena Safari Lodge. Location: Amboseli, Kenya. Category: Luxury Lodge. Description: Elegant lodge in Amboseli with views of Mount Kilimanjaro and elephant herds. Price range: 200-600 USD. Amenities: WiFi, Pool, Restaurant, Bar, Game Drives, Cultural Visits. Room types: Standard, Suite. Rating: 4.7 out of 5. Nearby attractions: Amboseli National Park, Mount Kilimanjaro, Maasai Village."
Ol Tukai Lodge,Amboseli,Kajiado,Kenya,Centrally located lodge in Amboseli with iconic Kilimanjaro views and elephant sightings,150-500 USD,WiFi|Pool|Restaurant|Bar|Game Drives,Standard|Suite,4.6,Amboseli National Park|Mount Kilimanjaro|Observation Hill,Lodge,https://www.oltukailodge.com,"Hotel: Ol Tukai Lodge. Location: Amboseli, Kenya. Category: Lodge. Description: Centrally located lodge in Amboseli with iconic Kilimanjaro views and elephant sightings. Price range: 150-500 USD. Amenities: WiFi, Pool, Restaurant, Bar, Game Drives. Room types: Standard, Suite. Rating: 4.6 out of 5. Nearby attractions: Amboseli National Park, Mount Kilimanjaro, Observation Hill."
Tortilis Camp,Amboseli,Kajiado,Kenya,Exclusive tented camp in private conservancy with stunning Kilimanjaro backdrop,400-1000 USD,Restaurant|Bar|Game Drives|Bush Walks|Cycling,Tent|Suite Tent|Family Tent,4.9,Amboseli National Park|Mount Kilimanjaro|Chyulu Hills,Ultra Luxury,https://www.tortilis.com,"Hotel: Tortilis Camp. Location: Amboseli, Kenya. Category: Ultra Luxury. Description: Exclusive tented camp in private conservancy with stunning Kilimanjaro backdrop. Price range: 400-1000 USD. Amenities: Restaurant, Bar, Game Drives, Bush Walks, Cycling. Room types: Tent, Suite Tent, Family Tent. Rating: 4.9 out of 5. Nearby attractions: Amboseli National Park, Mount Kilimanjaro, Chyulu Hills."
Kibo Safari Camp,Amboseli,Kajiado,Kenya,Comfortable tented camp with great Kilimanjaro views at affordable prices,80-250 USD,WiFi|Restaurant|Bar|Game Drives,Tent|Standard Tent,4.2,Amboseli National Park|Mount Kilimanjaro,Tented Camp,https://www.kibosafaricamp.com,"Hotel: Kibo Safari Camp. Location: Amboseli, Kenya. Category: Tented Camp. Description: Comfortable tented camp with great Kilimanjaro views at affordable prices. Price range: 80-250 USD. Amenities: WiFi, Restaurant, Bar, Game Drives. Room types: Tent, Standard Tent. Rating: 4.2 out of 5. Nearby attractions: Amboseli National Park, Mount Kilimanjaro."
Amboseli Eco Lodge,Amboseli,Kajiado,Kenya,Eco friendly lodge focusing on sustainable tourism near Amboseli,100-300 USD,WiFi|Restaurant|Bar|Game Drives|Bird Watching,Standard|Suite,4.3,Amboseli National Park|Mount Kilimanjaro|Maasai Village,Eco Lodge,https://www.amboseliecolodge.com,"Hotel: Amboseli Eco Lodge. Location: Amboseli, Kenya. Category: Eco Lodge. Description: Eco friendly lodge focusing on sustainable tourism near Amboseli. Price range: 100-300 USD. Amenities: WiFi, Restaurant, Bar, Game Drives, Bird Watching. Room types: Standard, Suite. Rating: 4.3 out of 5. Nearby attractions: Amboseli National Park, Mount Kilimanjaro, Maasai Village."
Sentrim Amboseli,Amboseli,Kajiado,Kenya,Budget friendly camp in Amboseli good for backpackers and budget travelers,50-150 USD,Restaurant|Bar|Game Drives,Tent|Standard,3.8,Amboseli National Park|Mount Kilimanjaro,Budget,https://www.sentrimhotels.com,"Hotel: Sentrim Amboseli. Location: Amboseli, Kenya. Category: Budget. Description: Budget friendly camp in Amboseli good for backpackers and budget travelers. Price range: 50-150 USD. Amenities: Restaurant, Bar, Game Drives. Room types: Tent, Standard. Rating: 3.8 out of 5. Nearby attractions: Amboseli National Park, Mount Kilimanjaro."
Kinangop Cottage,Nanyuki,Laikipia,Kenya,Cosy cottage near Mount Kenya offering hiking and nature experiences,40-100 USD,WiFi|Restaurant|Hiking|Bird Watching|Garden,Standard|Cottage,4.1,Mount Kenya|Aberdare Ranges,Budget,https://www.kinangop.com,"Hotel: Kinangop Cottage. Location: Nanyuki, Kenya. Category: Budget. Description: Cosy cottage near Mount Kenya offering hiking and nature experiences. Price range: 40-100 USD. Amenities: WiFi, Restaurant, Hiking, Bird Watching, Garden. Room types: Standard, Cottage. Rating: 4.1 out of 5. Nearby attractions: Mount Kenya, Aberdare Ranges."
Fairmont Mount Kenya Safari Club,Nanyuki,Laikipia,Kenya,Historic luxury club on the equator with Mount Kenya views and wildlife sanctuary,300-800 USD,WiFi|Pool|Restaurant|Bar|Spa|Gym|Golf|Tennis|Wildlife Sanctuary,Standard|Suite|Cottage|Villa,4.8,Mount Kenya|Equator|Mount Kenya Wildlife Conservancy,Luxury,https://www.fairmont.com,"Hotel: Fairmont Mount Kenya Safari Club. Location: Nanyuki, Kenya. Category: Luxury. Description: Historic luxury club on the equator with Mount Kenya views and wildlife sanctuary. Price range: 300-800 USD. Amenities: WiFi, Pool, Restaurant, Bar, Spa, Gym, Golf, Tennis, Wildlife Sanctuary. Room types: Standard, Suite, Cottage, Villa. Rating: 4.8 out of 5. Nearby attractions: Mount Kenya, Equator, Mount Kenya Wildlife Conservancy."
Serena Mountain Lodge,Nanyuki,Laikipia,Kenya,Unique treehouse style lodge overlooking a floodlit waterhole attracting wildlife,200-500 USD,Restaurant|Bar|Wildlife Viewing|Bird Watching,Standard|Suite,4.6,Mount Kenya|Aberdare Forest,Lodge,https://www.serenahotels.com,"Hotel: Serena Mountain Lodge. Location: Nanyuki, Kenya. Category: Lodge. Description: Unique treehouse style lodge overlooking a floodlit waterhole attracting wildlife. Price range: 200-500 USD. Amenities: Restaurant, Bar, Wildlife Viewing, Bird Watching. Room types: Standard, Suite. Rating: 4.6 out of 5. Nearby attractions: Mount Kenya, Aberdare Forest."
Ol Pejeta Bush Camp,Nanyuki,Laikipia,Kenya,Intimate bush camp inside Ol Pejeta Conservancy home to the last northern white rhinos,250-700 USD,Restaurant|Bar|Game Drives|Rhino Tracking|Chimpanzee Sanctuary,Tent|Suite Tent,4.8,Ol Pejeta Conservancy|Mount Kenya|Northern White Rhino,Tented Camp,https://www.olpejetabushcamp.com,"Hotel: Ol Pejeta Bush Camp. Location: Nanyuki, Kenya. Category: Tented Camp. Description: Intimate bush camp inside Ol Pejeta Conservancy home to the last northern white rhinos. Price range: 250-700 USD. Amenities: Restaurant, Bar, Game Drives, Rhino Tracking, Chimpanzee Sanctuary. Room types: Tent, Suite Tent. Rating: 4.8 out of 5. Nearby attractions: Ol Pejeta Conservancy, Mount Kenya, Northern White Rhino."
Sweetwaters Serena Camp,Nanyuki,Laikipia,Kenya,Classic tented camp inside Ol Pejeta Conservancy with chimpanzee sanctuary visits,200-500 USD,WiFi|Restaurant|Bar|Game Drives|Chimpanzee Visits|Rhino Tracking,Tent|Suite Tent,4.7,Ol Pejeta|Mount Kenya|Rhino Sanctuary,Luxury Tented Camp,https://www.serenahotels.com,"Hotel: Sweetwaters Serena Camp. Location: Nanyuki, Kenya. Category: Luxury Tented Camp. Description: Classic tented camp inside Ol Pejeta Conservancy with chimpanzee sanctuary visits. Price range: 200-500 USD. Amenities: WiFi, Restaurant, Bar, Game Drives, Chimpanzee Visits, Rhino Tracking. Room types: Tent, Suite Tent. Rating: 4.7 out of 5. Nearby attractions: Ol Pejeta, Mount Kenya, Rhino Sanctuary."
Lewa Safari Camp,Nanyuki,Laikipia,Kenya,Exclusive tented camp inside Lewa Wildlife Conservancy with big five game viewing,500-1200 USD,Restaurant|Bar|Game Drives|Bush Walks|Cultural Visits|Camel Rides,Tent|Suite Tent,4.9,Lewa Conservancy|Mount Kenya|Northern Kenya,Ultra Luxury,https://www.lewasafaricamp.com,"Hotel: Lewa Safari Camp. Location: Nanyuki, Kenya. Category: Ultra Luxury. Description: Exclusive tented camp inside Lewa Wildlife Conservancy with big five game viewing. Price range: 500-1200 USD. Amenities: Restaurant, Bar, Game Drives, Bush Walks, Cultural Visits, Camel Rides. Room types: Tent, Suite Tent. Rating: 4.9 out of 5. Nearby attractions: Lewa Conservancy, Mount Kenya, Northern Kenya."
Nanyuki River Lodge,Nanyuki,Laikipia,Kenya,Comfortable mid range lodge on the banks of Nanyuki River,60-180 USD,WiFi|Restaurant|Bar|Garden|Hiking,Standard|Deluxe|Cottage,4.0,Mount Kenya|Nanyuki Town|Equator,Mid-range,https://www.nanyukiriverlodge.com,"Hotel: Nanyuki River Lodge. Location: Nanyuki, Kenya. Category: Mid-range. Description: Comfortable mid range lodge on the banks of Nanyuki River. Price range: 60-180 USD. Amenities: WiFi, Restaurant, Bar, Garden, Hiking. Room types: Standard, Deluxe, Cottage. Rating: 4.0 out of 5. Nearby attractions: Mount Kenya, Nanyuki Town, Equator."
Watamu Treehouse,Watamu,Kilifi,Kenya,Unique treehouse accommodation in a mango forest steps from Watamu Beach,80-200 USD,WiFi|Pool|Beach|Restaurant|Bar|Snorkeling|Bird Watching,Treehouse|Standard,4.4,Watamu Beach|Watamu Marine Park|Arabuko Sokoke Forest,Boutique,https://www.watamuteahouse.com,"Hotel: Watamu Treehouse. Location: Watamu, Kenya. Category: Boutique. Description: Unique treehouse accommodation in a mango forest steps from Watamu Beach. Price range: 80-200 USD. Amenities: WiFi, Pool, Beach, Restaurant, Bar, Snorkeling, Bird Watching. Room types: Treehouse, Standard. Rating: 4.4 out of 5. Nearby attractions: Watamu Beach, Watamu Marine Park, Arabuko Sokoke Forest."
Hemingways Watamu,Watamu,Kilifi,Kenya,Classic beach hotel at Watamu known for deep sea fishing and relaxed atmosphere,100-300 USD,WiFi|Pool|Beach|Restaurant|Bar|Deep Sea Fishing|Snorkeling,Standard|Suite,4.5,Watamu Marine Park|Watamu Beach|Gede Ruins,Beach Resort,https://www.hemingways.com,"Hotel: Hemingways Watamu. Location: Watamu, Kenya. Category: Beach Resort. Description: Classic beach hotel at Watamu known for deep sea fishing and relaxed atmosphere. Price range: 100-300 USD. Amenities: WiFi, Pool, Beach, Restaurant, Bar, Deep Sea Fishing, Snorkeling. Room types: Standard, Suite. Rating: 4.5 out of 5. Nearby attractions: Watamu Marine Park, Watamu Beach, Gede Ruins."
Turtle Bay Beach Club,Watamu,Kilifi,Kenya,All inclusive beach club at Watamu popular with families and divers,80-220 USD,WiFi|Pool|Beach|Restaurant|Bar|Diving|Snorkeling|Entertainment|All Inclusive,Standard|Deluxe|Suite,4.3,Watamu Marine Park|Watamu Beach|Turtle Conservation,All Inclusive,https://www.turtlebay.co.ke,"Hotel: Turtle Bay Beach Club. Location: Watamu, Kenya. Category: All Inclusive. Description: All inclusive beach club at Watamu popular with families and divers. Price range: 80-220 USD. Amenities: WiFi, Pool, Beach, Restaurant, Bar, Diving, Snorkeling, Entertainment, All Inclusive. Room types: Standard, Deluxe, Suite. Rating: 4.3 out of 5. Nearby attractions: Watamu Marine Park, Watamu Beach, Turtle Conservation."
Medina Palms,Watamu,Kilifi,Kenya,Exclusive boutique resort with private pool villas near Watamu Beach,300-700 USD,WiFi|Private Pool|Beach|Restaurant|Bar|Spa,Villa|Suite,4.8,Watamu Beach|Watamu Marine Park|Arabuko Sokoke,Luxury,https://www.medinapalms.com,"Hotel: Medina Palms. Location: Watamu, Kenya. Category: Luxury. Description: Exclusive boutique resort with private pool villas near Watamu Beach. Price range: 300-700 USD. Amenities: WiFi, Private Pool, Beach, Restaurant, Bar, Spa. Room types: Villa, Suite. Rating: 4.8 out of 5. Nearby attractions: Watamu Beach, Watamu Marine Park, Arabuko Sokoke."
Blue Bay Beach Resort,Malindi,Kilifi,Kenya,Affordable beach resort in Malindi with ocean views and water sports,50-150 USD,WiFi|Pool|Beach|Restaurant|Bar|Water Sports,Standard|Deluxe,3.9,Malindi Marine Park|Malindi Town|Gede Ruins,Budget,https://www.bluebaymalindi.com,"Hotel: Blue Bay Beach Resort. Location: Malindi, Kenya. Category: Budget. Description: Affordable beach resort in Malindi with ocean views and water sports. Price range: 50-150 USD. Amenities: WiFi, Pool, Beach, Restaurant, Bar, Water Sports. Room types: Standard, Deluxe. Rating: 3.9 out of 5. Nearby attractions: Malindi Marine Park, Malindi Town, Gede Ruins."
Diamonds Dream of Africa,Malindi,Kilifi,Kenya,Elegant Italian managed beach resort in Malindi with exceptional cuisine,150-400 USD,WiFi|Pool|Beach|Restaurant|Bar|Spa|Tennis,Standard|Suite|Villa,4.6,Malindi Marine Park|Malindi Town|Watamu,Luxury,https://www.diamonds-thani.com,"Hotel: Diamonds Dream of Africa. Location: Malindi, Kenya. Category: Luxury. Description: Elegant Italian managed beach resort in Malindi with exceptional cuisine. Price range: 150-400 USD. Amenities: WiFi, Pool, Beach, Restaurant, Bar, Spa, Tennis. Room types: Standard, Suite, Villa. Rating: 4.6 out of 5. Nearby attractions: Malindi Marine Park, Malindi Town, Watamu."
Kilifi Bay Beach Resort,Kilifi,Kilifi,Kenya,Charming resort on the banks of Kilifi Creek with beautiful mangroves,80-200 USD,WiFi|Pool|Creek Views|Restaurant|Bar|Kayaking|Snorkeling,Standard|Suite|Cottage,4.3,Kilifi Creek|Mnarani Ruins|Watamu,Beach Resort,https://www.kilifibaycreekresort.com,"Hotel: Kilifi Bay Beach Resort. Location: Kilifi, Kenya. Category: Beach Resort. Description: Charming resort on the banks of Kilifi Creek with beautiful mangroves. Price range: 80-200 USD. Amenities: WiFi, Pool, Creek Views, Restaurant, Bar, Kayaking, Snorkeling. Room types: Standard, Suite, Cottage. Rating: 4.3 out of 5. Nearby attractions: Kilifi Creek, Mnarani Ruins, Watamu."
Rusinga Island Lodge,Kisumu,Homa Bay,Kenya,Exclusive private island lodge on Lake Victoria with stunning sunset views,300-700 USD,WiFi|Pool|Lake View|Restaurant|Bar|Fishing|Bird Watching|Boat Rides,Cottage|Suite,4.8,Lake Victoria|Rusinga Island|Tom Mboya Shrine,Luxury,https://www.rusingaisland.com,"Hotel: Rusinga Island Lodge. Location: Kisumu, Kenya. Category: Luxury. Description: Exclusive private island lodge on Lake Victoria with stunning sunset views. Price range: 300-700 USD. Amenities: WiFi, Pool, Lake View, Restaurant, Bar, Fishing, Bird Watching, Boat Rides. Room types: Cottage, Suite. Rating: 4.8 out of 5. Nearby attractions: Lake Victoria, Rusinga Island, Tom Mboya Shrine."
Imperial Hotel Kisumu,Kisumu,Kisumu,Kenya,Historic hotel in Kisumu city centre with lake views and business facilities,40-100 USD,WiFi|Restaurant|Bar|Conference|Parking,Standard|Deluxe|Suite,3.8,Lake Victoria|Kisumu Museum|Impala Sanctuary,Mid-range,https://www.imperialhotelkisumu.com,"Hotel: Imperial Hotel Kisumu. Location: Kisumu, Kenya. Category: Mid-range. Description: Historic hotel in Kisumu city centre with lake views and business facilities. Price range: 40-100 USD. Amenities: WiFi, Restaurant, Bar, Conference, Parking. Room types: Standard, Deluxe, Suite. Rating: 3.8 out of 5. Nearby attractions: Lake Victoria, Kisumu Museum, Impala Sanctuary."
Acacia Premier Hotel,Kisumu,Kisumu,Kenya,Modern upscale hotel in Kisumu with rooftop pool and lake views,80-200 USD,WiFi|Pool|Restaurant|Bar|Gym|Conference|Rooftop,Standard|Deluxe|Suite,4.4,Lake Victoria|Kisumu CBD|Hippo Point,Business,https://www.acaciapremierhotel.com,"Hotel: Acacia Premier Hotel. Location: Kisumu, Kenya. Category: Business. Description: Modern upscale hotel in Kisumu with rooftop pool and lake views. Price range: 80-200 USD. Amenities: WiFi, Pool, Restaurant, Bar, Gym, Conference, Rooftop. Room types: Standard, Deluxe, Suite. Rating: 4.4 out of 5. Nearby attractions: Lake Victoria, Kisumu CBD, Hippo Point."
Kiboko Bay Resort,Kisumu,Kisumu,Kenya,Relaxed lakeside resort on the shores of Lake Victoria popular with backpackers,30-80 USD,WiFi|Lake View|Restaurant|Bar|Fishing|Kayaking,Standard|Dorm|Cottage,4.0,Lake Victoria|Hippo Point|Kisumu Bird Sanctuary,Budget,https://www.kibokobay.com,"Hotel: Kiboko Bay Resort. Location: Kisumu, Kenya. Category: Budget. Description: Relaxed lakeside resort on the shores of Lake Victoria popular with backpackers. Price range: 30-80 USD. Amenities: WiFi, Lake View, Restaurant, Bar, Fishing, Kayaking. Room types: Standard, Dorm, Cottage. Rating: 4.0 out of 5. Nearby attractions: Lake Victoria, Hippo Point, Kisumu Bird Sanctuary."
Lamu House Hotel,Lamu,Lamu,Kenya,Beautifully restored Swahili mansion in Lamu Old Town with rooftop terrace,100-300 USD,WiFi|Restaurant|Bar|Rooftop Terrace|Historic Architecture,Standard|Suite,4.6,Lamu Old Town|Lamu Fort|Shela Beach,Boutique,https://www.lamuhouse.com,"Hotel: Lamu House Hotel. Location: Lamu, Kenya. Category: Boutique. Description: Beautifully restored Swahili mansion in Lamu Old Town with rooftop terrace. Price range: 100-300 USD. Amenities: WiFi, Restaurant, Bar, Rooftop Terrace, Historic Architecture. Room types: Standard, Suite. Rating: 4.6 out of 5. Nearby attractions: Lamu Old Town, Lamu Fort, Shela Beach."
Peponi Hotel,Lamu,Lamu,Kenya,Legendary boutique hotel at Shela Beach Lamu known for its relaxed atmosphere,150-400 USD,WiFi|Pool|Beach|Restaurant|Bar|Dhow Trips|Snorkeling,Standard|Suite,4.7,Shela Beach|Lamu Old Town|Manda Island,Boutique,https://www.peponi-lamu.com,"Hotel: Peponi Hotel. Location: Lamu, Kenya. Category: Boutique. Description: Legendary boutique hotel at Shela Beach Lamu known for its relaxed atmosphere. Price range: 150-400 USD. Amenities: WiFi, Pool, Beach, Restaurant, Bar, Dhow Trips, Snorkeling. Room types: Standard, Suite. Rating: 4.7 out of 5. Nearby attractions: Shela Beach, Lamu Old Town, Manda Island."
Majlis Resort,Lamu,Lamu,Kenya,Luxury Swahili style resort on Manda Island accessible only by boat,300-700 USD,WiFi|Pool|Beach|Restaurant|Bar|Spa|Dhow Trips,Suite|Villa,4.8,Manda Island|Lamu Old Town|Shela Beach,Luxury,https://www.themajlishotels.com,"Hotel: Majlis Resort. Location: Lamu, Kenya. Category: Luxury. Description: Luxury Swahili style resort on Manda Island accessible only by boat. Price range: 300-700 USD. Amenities: WiFi, Pool, Beach, Restaurant, Bar, Spa, Dhow Trips. Room types: Suite, Villa. Rating: 4.8 out of 5. Nearby attractions: Manda Island, Lamu Old Town, Shela Beach."
Amu House,Lamu,Lamu,Kenya,Traditional Swahili guesthouse in the heart of Lamu Old Town,50-150 USD,WiFi|Restaurant|Rooftop Terrace|Historic Architecture,Standard|Suite,4.2,Lamu Old Town|Lamu Fort|Lamu Museum,Budget,https://www.amuhouse.com,"Hotel: Amu House. Location: Lamu, Kenya. Category: Budget. Description: Traditional Swahili guesthouse in the heart of Lamu Old Town. Price range: 50-150 USD. Amenities: WiFi, Restaurant, Rooftop Terrace, Historic Architecture. Room types: Standard, Suite. Rating: 4.2 out of 5. Nearby attractions: Lamu Old Town, Lamu Fort, Lamu Museum."
JW Marriott Zanzibar,Stone Town,Zanzibar,Tanzania,Luxury beachfront resort in Zanzibar with infinity pool and world class spa,250-700 USD,WiFi|Pool|Beach|Restaurant|Bar|Spa|Gym|Water Sports,Standard|Deluxe|Suite|Villa,4.8,Stone Town|Spice Farms|Nungwi Beach,Luxury,https://www.marriott.com,"Hotel: JW Marriott Zanzibar. Location: Stone Town, Tanzania. Category: Luxury. Description: Luxury beachfront resort in Zanzibar with infinity pool and world class spa. Price range: 250-700 USD. Amenities: WiFi, Pool, Beach, Restaurant, Bar, Spa, Gym, Water Sports. Room types: Standard, Deluxe, Suite, Villa. Rating: 4.8 out of 5. Nearby attractions: Stone Town, Spice Farms, Nungwi Beach."
Zanzibar Serena Hotel,Stone Town,Zanzibar,Tanzania,Historic colonial hotel in Stone Town with Indian Ocean views,150-400 USD,WiFi|Pool|Restaurant|Bar|Spa|Cultural Tours,Standard|Suite,4.6,Stone Town|Old Fort|Forodhani Gardens,Luxury,https://www.serenahotels.com,"Hotel: Zanzibar Serena Hotel. Location: Stone Town, Tanzania. Category: Luxury. Description: Historic colonial hotel in Stone Town with Indian Ocean views. Price range: 150-400 USD. Amenities: WiFi, Pool, Restaurant, Bar, Spa, Cultural Tours. Room types: Standard, Suite. Rating: 4.6 out of 5. Nearby attractions: Stone Town, Old Fort, Forodhani Gardens."
Baraza Resort and Spa,Bwejuu,Zanzibar,Tanzania,Award winning luxury resort on the east coast of Zanzibar with stunning beach,400-1000 USD,WiFi|Pool|Beach|Restaurant|Bar|Spa|Butler Service|Water Sports,Suite|Villa,4.9,Bwejuu Beach|Jozani Forest|Stone Town,Ultra Luxury,https://www.baraza-zanzibar.com,"Hotel: Baraza Resort and Spa. Location: Bwejuu, Tanzania. Category: Ultra Luxury. Description: Award winning luxury resort on the east coast of Zanzibar with stunning beach. Price range: 400-1000 USD. Amenities: WiFi, Pool, Beach, Restaurant, Bar, Spa, Butler Service, Water Sports. Room types: Suite, Villa. Rating: 4.9 out of 5. Nearby attractions: Bwejuu Beach, Jozani Forest, Stone Town."
Matemwe Lodge,Matemwe,Zanzibar,Tanzania,Intimate boutique lodge on the northeast coast of Zanzibar with house reef,200-600 USD,WiFi|Pool|Beach|Restaurant|Bar|Diving|Snorkeling,Standard|Suite|Villa,4.7,Matemwe Beach|Mnemba Atoll|Stone Town,Boutique,https://www.asiliaafrica.com,"Hotel: Matemwe Lodge. Location: Matemwe, Tanzania. Category: Boutique. Description: Intimate boutique lodge on the northeast coast of Zanzibar with house reef. Price range: 200-600 USD. Amenities: WiFi, Pool, Beach, Restaurant, Bar, Diving, Snorkeling. Room types: Standard, Suite, Villa. Rating: 4.7 out of 5. Nearby attractions: Matemwe Beach, Mnemba Atoll, Stone Town."
Zanzibar Beach Resort,Nungwi,Zanzibar,Tanzania,Popular beach resort at Nungwi known for its crystal clear waters and nightlife,80-250 USD,WiFi|Pool|Beach|Restaurant|Bar|Water Sports|Entertainment,Standard|Deluxe|Suite,4.2,Nungwi Beach|Kendwa Beach|Stone Town,Beach Resort,https://www.zanzibar-resort.com,"Hotel: Zanzibar Beach Resort. Location: Nungwi, Tanzania. Category: Beach Resort. Description: Popular beach resort at Nungwi known for its crystal clear waters and nightlife. Price range: 80-250 USD. Amenities: WiFi, Pool, Beach, Restaurant, Bar, Water Sports, Entertainment. Room types: Standard, Deluxe, Suite. Rating: 4.2 out of 5. Nearby attractions: Nungwi Beach, Kendwa Beach, Stone Town."
Kilindi Zanzibar,Kendwa,Zanzibar,Tanzania,Ultra exclusive boutique resort with only 15 pavilions and private beach,500-1500 USD,WiFi|Pool|Beach|Restaurant|Bar|Spa|Yoga,Pavilion|Suite,5.0,Kendwa Beach|Nungwi Beach|Stone Town,Ultra Luxury,https://www.kilindi.com,"Hotel: Kilindi Zanzibar. Location: Kendwa, Tanzania. Category: Ultra Luxury. Description: Ultra exclusive boutique resort with only 15 pavilions and private beach. Price range: 500-1500 USD. Amenities: WiFi, Pool, Beach, Restaurant, Bar, Spa, Yoga. Room types: Pavilion, Suite. Rating: 5.0 out of 5. Nearby attractions: Kendwa Beach, Nungwi Beach, Stone Town."
Four Seasons Resort Zanzibar,Unguja North,Zanzibar,Tanzania,Exceptional luxury resort with overwater bungalows on the north coast,600-2000 USD,WiFi|Pool|Beach|Restaurant|Bar|Spa|Overwater Bungalows|Diving,Suite|Villa|Overwater Bungalow,5.0,Mnemba Atoll|Nungwi|Stone Town,Ultra Luxury,https://www.fourseasons.com,"Hotel: Four Seasons Resort Zanzibar. Location: Unguja North, Tanzania. Category: Ultra Luxury. Description: Exceptional luxury resort with overwater bungalows on the north coast. Price range: 600-2000 USD. Amenities: WiFi, Pool, Beach, Restaurant, Bar, Spa, Overwater Bungalows, Diving. Room types: Suite, Villa, Overwater Bungalow. Rating: 5.0 out of 5. Nearby attractions: Mnemba Atoll, Nungwi, Stone Town."
Arusha Hotel,Arusha,Arusha,Tanzania,Historic colonial hotel in central Arusha serving as gateway to safari destinations,60-180 USD,WiFi|Pool|Restaurant|Bar|Conference|Garden,Standard|Deluxe|Suite,4.0,Arusha National Park|Mount Meru|Kilimanjaro,Mid-range,https://www.newarushahotel.com,"Hotel: Arusha Hotel. Location: Arusha, Tanzania. Category: Mid-range. Description: Historic colonial hotel in central Arusha serving as gateway to safari destinations. Price range: 60-180 USD. Amenities: WiFi, Pool, Restaurant, Bar, Conference, Garden. Room types: Standard, Deluxe, Suite. Rating: 4.0 out of 5. Nearby attractions: Arusha National Park, Mount Meru, Kilimanjaro."
Ngurdoto Mountain Lodge,Arusha,Arusha,Tanzania,Peaceful lodge near Arusha with Mount Meru views and beautiful gardens,80-250 USD,WiFi|Pool|Restaurant|Bar|Gym|Tennis|Cultural Tours,Standard|Deluxe|Suite|Cottage,4.3,Arusha National Park|Mount Meru|Ngurdoto Crater,Lodge,https://www.ngurdotomountainlodge.com,"Hotel: Ngurdoto Mountain Lodge. Location: Arusha, Tanzania. Category: Lodge. Description: Peaceful lodge near Arusha with Mount Meru views and beautiful gardens. Price range: 80-250 USD. Amenities: WiFi, Pool, Restaurant, Bar, Gym, Tennis, Cultural Tours. Room types: Standard, Deluxe, Suite, Cottage. Rating: 4.3 out of 5. Nearby attractions: Arusha National Park, Mount Meru, Ngurdoto Crater."
Serena Kilimanjaro,Arusha,Arusha,Tanzania,Luxury hotel near Kilimanjaro Airport perfect for climbers and safari goers,120-350 USD,WiFi|Pool|Restaurant|Bar|Spa|Gym|Conference,Standard|Deluxe|Suite,4.5,Kilimanjaro|Arusha National Park|Maasai Culture,Luxury,https://www.serenahotels.com,"Hotel: Serena Kilimanjaro. Location: Arusha, Tanzania. Category: Luxury. Description: Luxury hotel near Kilimanjaro Airport perfect for climbers and safari goers. Price range: 120-350 USD. Amenities: WiFi, Pool, Restaurant, Bar, Spa, Gym, Conference. Room types: Standard, Deluxe, Suite. Rating: 4.5 out of 5. Nearby attractions: Kilimanjaro, Arusha National Park, Maasai Culture."
Protea Hotel Arusha,Arusha,Arusha,Tanzania,Modern business hotel in Arusha town centre with comfortable rooms,70-180 USD,WiFi|Pool|Restaurant|Bar|Gym|Conference,Standard|Deluxe|Suite,4.1,Arusha CBD|Kilimanjaro|Cultural Heritage Centre,Business,https://www.marriott.com,"Hotel: Protea Hotel Arusha. Location: Arusha, Tanzania. Category: Business. Description: Modern business hotel in Arusha town centre with comfortable rooms. Price range: 70-180 USD. Amenities: WiFi, Pool, Restaurant, Bar, Gym, Conference. Room types: Standard, Deluxe, Suite. Rating: 4.1 out of 5. Nearby attractions: Arusha CBD, Kilimanjaro, Cultural Heritage Centre."
Sheraton Kampala Hotel,Kampala,Kampala,Uganda,Premier luxury hotel in Kampala with panoramic city and Lake Victoria views,150-400 USD,WiFi|Pool|Restaurant|Bar|Spa|Gym|Conference|Tennis,Standard|Deluxe|Suite,4.5,Kampala CBD|Lake Victoria|National Museum,Luxury,https://www.marriott.com,"Hotel: Sheraton Kampala Hotel. Location: Kampala, Uganda. Category: Luxury. Description: Premier luxury hotel in Kampala with panoramic city and Lake Victoria views. Price range: 150-400 USD. Amenities: WiFi, Pool, Restaurant, Bar, Spa, Gym, Conference, Tennis. Room types: Standard, Deluxe, Suite. Rating: 4.5 out of 5. Nearby attractions: Kampala CBD, Lake Victoria, National Museum."
Kampala Serena Hotel,Kampala,Kampala,Uganda,Elegant five star hotel in Kampala with lush gardens and excellent facilities,120-350 USD,WiFi|Pool|Restaurant|Bar|Spa|Gym|Conference,Standard|Deluxe|Suite,4.6,Kampala CBD|Kasubi Tombs|National Museum,Luxury,https://www.serenahotels.com,"Hotel: Kampala Serena Hotel. Location: Kampala, Uganda. Category: Luxury. Description: Elegant five star hotel in Kampala with lush gardens and excellent facilities. Price range: 120-350 USD. Amenities: WiFi, Pool, Restaurant, Bar, Spa, Gym, Conference. Room types: Standard, Deluxe, Suite. Rating: 4.6 out of 5. Nearby attractions: Kampala CBD, Kasubi Tombs, National Museum."
Bwindi Lodge,Bwindi,Kanungu,Uganda,Exclusive lodge overlooking Bwindi Impenetrable Forest for gorilla trekking,400-1000 USD,WiFi|Restaurant|Bar|Gorilla Trekking|Nature Walks|Cultural Visits,Cottage|Suite,4.9,Bwindi Impenetrable Forest|Mountain Gorillas|Batwa Community,Luxury Lodge,https://www.bwindilodge.com,"Hotel: Bwindi Lodge. Location: Bwindi, Uganda. Category: Luxury Lodge. Description: Exclusive lodge overlooking Bwindi Impenetrable Forest for gorilla trekking. Price range: 400-1000 USD. Amenities: WiFi, Restaurant, Bar, Gorilla Trekking, Nature Walks, Cultural Visits. Room types: Cottage, Suite. Rating: 4.9 out of 5. Nearby attractions: Bwindi Impenetrable Forest, Mountain Gorillas, Batwa Community."
Murchison River Lodge,Murchison Falls,Masindi,Uganda,Comfortable lodge near Murchison Falls with Nile River views and game drives,100-300 USD,WiFi|Pool|Restaurant|Bar|Game Drives|Boat Cruises|Fishing,Standard|Suite|Tent,4.4,Murchison Falls|Nile River|Top of the Falls,Lodge,https://www.murchisonriverlodge.com,"Hotel: Murchison River Lodge. Location: Murchison Falls, Uganda. Category: Lodge. Description: Comfortable lodge near Murchison Falls with Nile River views and game drives. Price range: 100-300 USD. Amenities: WiFi, Pool, Restaurant, Bar, Game Drives, Boat Cruises, Fishing. Room types: Standard, Suite, Tent. Rating: 4.4 out of 5. Nearby attractions: Murchison Falls, Nile River, Top of the Falls."
Dar es Salaam Serena Hotel,Dar es Salaam,Dar es Salaam,Tanzania,Luxury hotel in the heart of Dar es Salaam business district,150-400 USD,WiFi|Pool|Restaurant|Bar|Spa|Gym|Conference,Standard|Deluxe|Suite,4.5,Dar es Salaam CBD|National Museum|Kariakoo Market,Luxury,https://www.serenahotels.com,"Hotel: Dar es Salaam Serena Hotel. Location: Dar es Salaam, Tanzania. Category: Luxury. Description: Luxury hotel in the heart of Dar es Salaam business district. Price range: 150-400 USD. Amenities: WiFi, Pool, Restaurant, Bar, Spa, Gym, Conference. Room types: Standard, Deluxe, Suite. Rating: 4.5 out of 5. Nearby attractions: Dar es Salaam CBD, National Museum, Kariakoo Market."
Hyatt Regency Dar es Salaam,Dar es Salaam,Dar es Salaam,Tanzania,Iconic waterfront hotel with stunning Indian Ocean views in Dar es Salaam,200-500 USD,WiFi|Pool|Beach|Restaurant|Bar|Spa|Gym|Conference,Standard|Deluxe|Suite|Presidential,4.7,Dar es Salaam Waterfront|National Museum|Bongoyo Island,Luxury,https://www.hyatt.com,"Hotel: Hyatt Regency Dar es Salaam. Location: Dar es Salaam, Tanzania. Category: Luxury. Description: Iconic waterfront hotel with stunning Indian Ocean views in Dar es Salaam. Price range: 200-500 USD. Amenities: WiFi, Pool, Beach, Restaurant, Bar, Spa, Gym, Conference. Room types: Standard, Deluxe, Suite, Presidential. Rating: 4.7 out of 5. Nearby attractions: Dar es Salaam Waterfront, National Museum, Bongoyo Island."
Southern Sun Dar es Salaam,Dar es Salaam,Dar es Salaam,Tanzania,Well located business hotel in Dar es Salaam with modern amenities,80-220 USD,WiFi|Pool|Restaurant|Bar|Gym|Conference,Standard|Deluxe|Suite,4.2,Dar es Salaam CBD|Slipway|Kariakoo Market,Business,https://www.southernsun.com,"Hotel: Southern Sun Dar es Salaam. Location: Dar es Salaam, Tanzania. Category: Business. Description: Well located business hotel in Dar es Salaam with modern amenities. Price range: 80-220 USD. Amenities: WiFi, Pool, Restaurant, Bar, Gym, Conference. Room types: Standard, Deluxe, Suite. Rating: 4.2 out of 5. Nearby attractions: Dar es Salaam CBD, Slipway, Kariakoo Market."
